config,m,ef_construct,build_time_s,est_memory_mb,qdrant_memory_mb,avg_latency_ms,recall@k
Flat (exact),0,0,20.65,146.5,343.078125,6.92,1.0
"HNSW m=8, ef_c=100",8,100,21.94,152.6,319.37109375,4.328,0.9655
"HNSW m=8, ef_c=200",8,200,24.5,152.6,245.01171875,3.798,0.9755
"HNSW m=16, ef_c=100",16,100,23.11,158.7,350.87109375,3.687,0.98
"HNSW m=16, ef_c=200",16,200,25.55,158.7,263.87109375,3.869,0.986
"HNSW m=32, ef_c=100",32,100,24.45,170.9,297.3828125,3.921,0.9845
"HNSW m=32, ef_c=200",32,200,27.66,170.9,248.32421875,2.215,0.9825
